ID,Name,Prompt
1,Japan,Photorealistic street scene in a Japanese neighborhood, golden hour lighting, featuring traditional wooden houses with tiled roofs, narrow pedestrian streets, bicycles parked along the side, utility poles with multiple wires, subtle cherry blossom petals in the air, no text or signs, 8K resolution, cinematic composition
2,Italy,Photorealistic narrow cobblestone street in an Italian town, warm afternoon light, featuring colorful buildings with balconies overflowing with flowers, wrought iron railings, laundry hanging between buildings, Vespa-style scooter parked nearby, terracotta roof tiles, no text or signs, 8K resolution, cinematic composition
3,India,Photorealistic busy street scene in India, midday lighting, featuring colorful buildings with ornate architectural details, auto-rickshaws on the road, street food vendor cart with colorful awnings, people in casual contemporary clothing, tropical vegetation, power lines overhead, no readable text, 8K resolution, cinematic composition
4,Mexico,Photorealistic neighborhood street in Mexico, bright sunny day, featuring colorful stucco buildings with wrought iron balconies, distinctive barrel tile roofs, Volkswagen Beetle-style car parked, cactus plants in pots, vibrant building colors (pink, orange, yellow), no text or flags, 8K resolution, cinematic composition
5,Thailand,Photorealistic street scene in Thailand, humid tropical atmosphere, featuring modern buildings with Thai architectural influences, scooters parked along the street, tropical plants and palm trees, ornate temple roof details visible in distance, golden hour light, no text or signs, 8K resolution, cinematic composition
6,France,Photorealistic Parisian street scene, soft morning light, featuring Haussmann-style apartment buildings with wrought iron balconies, distinctive slate-grey zinc roofs, sidewalk cafes with round tables and chairs, classic French car parked, plane trees lining the street, no text or landmarks, 8K resolution, cinematic composition
7,Brazil,Photorealistic street in a Brazilian neighborhood, bright tropical sunlight, featuring colorful buildings with Portuguese colonial influences, tiled sidewalks, tropical vegetation, modern Brazilian car parked, laundry hanging from balconies, vibrant greenery, no text or flags, 8K resolution, cinematic composition
8,Morocco,Photorealistic narrow street in Morocco, warm golden light, featuring earth-toned buildings with ornate doorways and window frames, traditional geometric patterns in architectural details, potted plants, textured walls in terracotta and ochre colors, no text or signs, 8K resolution, cinematic composition
9,Australia,Photorealistic suburban street in Australia, bright clear daylight, featuring modern single-story houses with corrugated metal roofs, distinctive Australian Holden or Ford car parked, eucalyptus trees, red brick or weatherboard construction, wide streets, no text or flags, 8K resolution, cinematic composition
10,Greece,Photorealistic street scene on a Greek island, brilliant Mediterranean sunlight, featuring white-washed buildings with blue-painted wooden doors and shutters, flat roofs, bougainvillea flowers cascading from walls, stone-paved narrow street, no text or signs, 8K resolution, cinematic composition
11,Vietnam,Photorealistic street scene in Vietnam, humid tropical light, featuring tube houses (narrow multi-story buildings), scooters and motorbikes, conical hats visible on pedestrians, tropical greenery, distinctive yellow or pastel building colors, no readable text, 8K resolution, cinematic composition
12,Germany,Photorealistic street in a German town, overcast soft light, featuring half-timbered fachwerk houses with exposed wooden beams, steep roofs, cobblestone streets, Volkswagen or BMW car parked, flower boxes on windows, no text or signs, 8K resolution, cinematic composition
13,Peru,Photorealistic street in a Peruvian town, high-altitude bright sunlight, featuring colonial-style buildings with wooden balconies, red clay tile roofs, Andean textiles visible in market stalls, stone walls, distinctive Peruvian taxi, no text or flags, 8K resolution, cinematic composition
14,Indonesia,Photorealistic street scene in Indonesia, tropical humid atmosphere, featuring buildings with Javanese architectural influences, becak (pedicab) or ojek (motorcycle taxi) visible, tropical vegetation including banana plants, distinctive colorful minivan transport, no text or signs, 8K resolution, cinematic composition
15,Spain,Photorealistic street in Spain, warm Mediterranean light, featuring buildings with wrought iron balconies and colorful ceramic tiles, narrow cobblestone streets, orange trees in planters, Spanish-style car parked, white or pastel building colors, no text or landmarks, 8K resolution, cinematic composition
16,Netherlands,Photorealistic street in the Netherlands, soft diffused light, featuring distinctive Dutch brick houses with stepped gables, large windows, bicycles parked everywhere, canal visible in background, no text or signs, 8K resolution, cinematic composition
17,South Korea,Photorealistic street scene in South Korea, modern urban atmosphere, featuring high-rise apartment buildings in background, contemporary Korean cars, distinctive neon signage (blurred, no readable text), convenience store with Korean design elements, no flags or obvious landmarks, 8K resolution, cinematic composition
18,Turkey,Photorealistic street in Turkey, warm Mediterranean light, featuring buildings with Ottoman architectural influences, distinctive Turkish tea glasses visible at small cafe, ornate wooden window shutters, cobblestone streets, Turkish car parked, no text or flags, 8K resolution, cinematic composition
19,Portugal,Photorealistic street in Portugal, bright Atlantic light, featuring colorful azulejo (painted ceramic tile) building facades, distinctive Portuguese cobblestone calçada sidewalks, wrought iron balconies, small European car, no text or flags, 8K resolution, cinematic composition
20,Argentina,Photorealistic street in Buenos Aires, warm afternoon light, featuring European-style apartment buildings with French and Italian influences, distinctive Argentine architecture, sidewalk cafes, classic Argentine car parked, no text or flags, 8K resolution, cinematic composition