Timestamp,HashedPin,PartyVoted,Phase
4/28/2026 14:04:23,f1989b180bf24e29d7931ce0dd2e30f4,tomorrow,prelim
4/28/2026 14:05:02,5c22b74e668c50f12fa26b78e24cf73c,solution,prelim
4/28/2026 14:05:07,7b38eabc939a4bdafff16a54ede545ef,niche,prelim
4/28/2026 14:05:45,8cf6f47cebfaa114646f82cc10e506ea,unity,prelim
4/28/2026 14:05:50,1b6ee5607b5dd656a8de21ceda6923f7,unity,prelim
4/28/2026 14:05:57,e397966464abe5e6e9f75fff9dc12157,unity,prelim
4/28/2026 14:06:10,4dbe88718fce0a0b2291da5a9088fa80,islamic,prelim
4/28/2026 14:06:40,8f04d8e641526c06e04ab88954a837a8,solution,prelim
4/28/2026 14:06:48,05db7af7b9a654d45aa6a30193fb5832,cpoh,prelim
4/28/2026 14:06:51,929b42b2947123a5fe927fd6957644b8,niche,prelim
4/28/2026 14:06:54,36969ee6d49701ea1ff775312e4f48bb,environment,prelim
4/28/2026 14:06:57,6a2f2e36aff745ad46a4f13fef0883c9,cpoh,prelim
4/28/2026 14:07:02,56406b3b8d85912dd217198d015ac3a5,equitable,prelim
4/28/2026 14:07:03,4ac554e4c6d3466d508172915c7a6dac,solution,prelim
4/28/2026 14:07:14,cad38ed35c91b45ae8e29ff3e235f090,healthier,prelim
4/28/2026 14:07:37,3ffad7e0a302ce2fbe258f350864240b,niche,prelim
4/28/2026 14:07:42,e5edff5b1084b9c311eaace135457e24,unity,prelim
4/28/2026 14:07:47,80e6ed80bbcdf91d9c8259b0cfb77a53,unity,prelim
4/28/2026 14:08:06,4c9fed3fdb7670726c5f87e2795b105c,equitable,prelim
4/28/2026 14:08:37,0bb868bf2337df8adda315aa95952f5c,niche,prelim
4/28/2026 14:08:38,dfd5b47a82c702915550d78328e47751,unity,prelim
4/28/2026 14:08:45,36b1c17297da8dfdbdc05aeaa362fea8,environment,prelim
4/28/2026 14:08:51,d1ad14726d3b2a007eeb2621d9020cd5,environment,prelim
4/28/2026 14:08:54,a4a34b7f2ba20165003d4c0b1890e2c9,environment,prelim
5/5/2026 14:02:12,4c9fed3fdb7670726c5f87e2795b105c,environment,final
5/5/2026 14:02:14,f1989b180bf24e29d7931ce0dd2e30f4,environment,final
5/5/2026 14:02:17,5c22b74e668c50f12fa26b78e24cf73c,solution,final
5/5/2026 14:02:19,80e6ed80bbcdf91d9c8259b0cfb77a53,unity,final
5/5/2026 14:02:26,36b1c17297da8dfdbdc05aeaa362fea8,niche,final
5/5/2026 14:02:28,56406b3b8d85912dd217198d015ac3a5,niche,final
5/5/2026 14:02:30,d1ad14726d3b2a007eeb2621d9020cd5,niche,final
5/5/2026 14:02:35,3ffad7e0a302ce2fbe258f350864240b,niche,final
5/5/2026 14:02:42,4ac554e4c6d3466d508172915c7a6dac,solution,final
5/5/2026 14:02:46,cad38ed35c91b45ae8e29ff3e235f090,environment,final
5/5/2026 14:02:51,0bb868bf2337df8adda315aa95952f5c,environment,final
5/5/2026 14:02:55,e5edff5b1084b9c311eaace135457e24,unity,final
5/5/2026 14:02:58,6a2f2e36aff745ad46a4f13fef0883c9,environment,final
5/5/2026 14:03:00,36969ee6d49701ea1ff775312e4f48bb,unity,final
5/5/2026 14:03:04,4dbe88718fce0a0b2291da5a9088fa80,niche,final
5/5/2026 14:03:07,7b38eabc939a4bdafff16a54ede545ef,environment,final
5/5/2026 14:03:10,8cf6f47cebfaa114646f82cc10e506ea,unity,final
5/5/2026 14:03:26,8f04d8e641526c06e04ab88954a837a8,solution,final
5/5/2026 14:03:29,05db7af7b9a654d45aa6a30193fb5832,niche,final
5/5/2026 14:03:40,1b6ee5607b5dd656a8de21ceda6923f7,environment,final
5/5/2026 14:03:54,572a7b786c22f84ad59c83f661623c09,solution,final
5/5/2026 14:03:59,e397966464abe5e6e9f75fff9dc12157,unity,final
5/5/2026 14:05:40,aea3d10406a8c8451a3b7e60ea99d81a,niche,final
5/5/2026 14:06:58,fc55aa91fb2908664a782473b73e5418,niche,final